N,Nucleotide,Dotbracket,Reactivity
1,G,.,
2,A,.,0.6
3,C,<,0.2
4,G,<,
5,T,<,
6,A,<,0.1
7,C,<,0.2
8,G,.,
9,T,<,
10,A,<,0.7
11,A,.,0.9
12,T,.,
13,C,.,1
14,G,.,
15,T,>,
16,A,>,0
17,T,.,
18,A,.,1.6
19,G,.,
20,C,.,0.9
21,G,>,
22,T,>,
23,A,>,0
24,C,>,0
25,G,>,
26,G,.,
27,C,.,1
28,A,.,1.8
29,C,.,1.5
30,A ,.,1.9
31,G,<,
32,G,<,
33,C,<,
34,A,<,0.1
35,C,<,0.4
36,U,.,
37,U,.,
38,A,.,
39,U,.,
40,A,.,1
41,G,>,
42,U,>,
43,G,>,
44,C,>,0.2
45,C,>,0.2
46,G,.,
47,A,.,0.6
48,C,<,0.2
49,G,<,
50,T,<,
51,A,<,0.1
52,C,<,0.2
53,G,.,
54,T,<,
55,A,<,0.7
56,A,.,0.9
57,T,.,
58,C,.,1
59,G,.,
60,T,>,
61,A,>,0
62,T,.,
63,A,.,1.6
64,G,.,
65,C,.,0.9
66,G,>,
67,T,>,
68,A,>,0
69,C,>,0
70,G,>,
71,G,.,
72,C,.,1
73,A,.,1.8
74,C,.,1.5
75,A ,.,1.9
